40bff867-5d5a-4780-9234-5d2bdb1f7e37;1628791755237;oth/kontakt;false
5b1b7473-7312-4a5f-b20b-479d8b80fe07;1628791791446;oth/home;true
5b1b7473-7312-4a5f-b20b-479d8b80fe07;1628791940294;oth/home;true
40bff867-5d5a-4780-9234-5d2bdb1f7e37;1628792086369;oth/kontakt;false
40bff867-5d5a-4780-9234-5d2bdb1f7e37;1628792915579;oth/kontakt;false
40bff867-5d5a-4780-9234-5d2bdb1f7e37;1628793182281;oth/home;false
40bff867-5d5a-4780-9234-5d2bdb1f7e37;1633463091878;oth/home;false
40bff867-5d5a-4780-9234-5d2bdb1f7e37;1633463131392;oth/postkarten;false
40bff867-5d5a-4780-9234-5d2bdb1f7e37;1633463245414;oth/postkarten;false
40bff867-5d5a-4780-9234-5d2bdb1f7e37;1633706513370;oth/home;false
40bff867-5d5a-4780-9234-5d2bdb1f7e37;1633706828267;oth/karten;false
40bff867-5d5a-4780-9234-5d2bdb1f7e37;1633708310657;oth/home;false
40bff867-5d5a-4780-9234-5d2bdb1f7e37;1633708393894;oth/kontakt;false
40bff867-5d5a-4780-9234-5d2bdb1f7e37;1633708402685;oth/kontakt;false
40bff867-5d5a-4780-9234-5d2bdb1f7e37;1633708425767;oth/kontakt;false
40bff867-5d5a-4780-9234-5d2bdb1f7e37;1633708426442;oth/kontakt;false
40bff867-5d5a-4780-9234-5d2bdb1f7e37;1633708426889;oth/kontakt;false
40bff867-5d5a-4780-9234-5d2bdb1f7e37;1633708427796;oth/kontakt;false
40bff867-5d5a-4780-9234-5d2bdb1f7e37;1633708443889;oth/kontakt;false
40bff867-5d5a-4780-9234-5d2bdb1f7e37;1633708447163;oth/kontakt;false
40bff867-5d5a-4780-9234-5d2bdb1f7e37;1633708447511;oth/kontakt;false
40bff867-5d5a-4780-9234-5d2bdb1f7e37;1633708447661;oth/kontakt;false
40bff867-5d5a-4780-9234-5d2bdb1f7e37;1633708672227;mw/volkszaehlungen;false
40bff867-5d5a-4780-9234-5d2bdb1f7e37;1633709005789;mw/volkszaehlungen;false
40bff867-5d5a-4780-9234-5d2bdb1f7e37;1633709119099;mw/volkszaehlungen;false
40bff867-5d5a-4780-9234-5d2bdb1f7e37;1633709184436;mw/volkszaehlungen;false
40bff867-5d5a-4780-9234-5d2bdb1f7e37;1633709208945;mw/volkszaehlungen;false
40bff867-5d5a-4780-9234-5d2bdb1f7e37;1633709335976;mw/volkszaehlungen;false
40bff867-5d5a-4780-9234-5d2bdb1f7e37;1633709401987;mw/volkszaehlungen;false
40bff867-5d5a-4780-9234-5d2bdb1f7e37;1633709415434;oth/home;false
40bff867-5d5a-4780-9234-5d2bdb1f7e37;1633709417840;bw/volkszaehlung;false
40bff867-5d5a-4780-9234-5d2bdb1f7e37;1633709427771;mw/volkszaehlung;false
40bff867-5d5a-4780-9234-5d2bdb1f7e37;1633709430157;mw/volkszaehlung;false
40bff867-5d5a-4780-9234-5d2bdb1f7e37;1633709431769;bw/volkszaehlung;false
40bff867-5d5a-4780-9234-5d2bdb1f7e37;1633709433893;mw/volkszaehlung;false
40bff867-5d5a-4780-9234-5d2bdb1f7e37;1633709436728;bw/volkszaehlung;false
40bff867-5d5a-4780-9234-5d2bdb1f7e37;1633709438067;mw/volkszaehlung;false
40bff867-5d5a-4780-9234-5d2bdb1f7e37;1633709885604;bw/volkszaehlung;false
40bff867-5d5a-4780-9234-5d2bdb1f7e37;1633710246810;bw/volkszaehlung;false
40bff867-5d5a-4780-9234-5d2bdb1f7e37;1633710352532;bw/volkszaehlung;false
40bff867-5d5a-4780-9234-5d2bdb1f7e37;1633710384029;bw/volkszaehlung;false
40bff867-5d5a-4780-9234-5d2bdb1f7e37;1633710415756;bw/geschichte-von-boehmisch-wiesen;false
40bff867-5d5a-4780-9234-5d2bdb1f7e37;1633710442948;mw/volkszaehlung;false
40bff867-5d5a-4780-9234-5d2bdb1f7e37;1633710503410;mw/volkszaehlung;false
40bff867-5d5a-4780-9234-5d2bdb1f7e37;1633710553410;mw/volkszaehlung;false
40bff867-5d5a-4780-9234-5d2bdb1f7e37;1633711202727;bw/geschichte-von-boehmisch-wiesen;false
40bff867-5d5a-4780-9234-5d2bdb1f7e37;1633711213156;bw/geschichte-von-boehmisch-wiesen;false
40bff867-5d5a-4780-9234-5d2bdb1f7e37;1633711232193;bw/geschichte-von-boehmisch-wiesen;false
40bff867-5d5a-4780-9234-5d2bdb1f7e37;1633711292973;oth/home;false
40bff867-5d5a-4780-9234-5d2bdb1f7e37;1633711294547;mw/ort-maehrisch-wiesen;false
40bff867-5d5a-4780-9234-5d2bdb1f7e37;1633711296493;mw/geschichte-von-maehrisch-wiesen;false
40bff867-5d5a-4780-9234-5d2bdb1f7e37;1633711296635;mw/null;false
40bff867-5d5a-4780-9234-5d2bdb1f7e37;1633711301409;mw/volkszaehlung;false
40bff867-5d5a-4780-9234-5d2bdb1f7e37;1633711304234;bw/geschichte-von-boehmisch-wiesen;false
40bff867-5d5a-4780-9234-5d2bdb1f7e37;1633711305200;bw/ort-boehmisch-wiesen;false
40bff867-5d5a-4780-9234-5d2bdb1f7e37;1633711308182;bw/geschichte-von-boehmisch-wiesen;false
40bff867-5d5a-4780-9234-5d2bdb1f7e37;1633711311433;bw/geschichte-von-boehmisch-wiesen;false
40bff867-5d5a-4780-9234-5d2bdb1f7e37;1633711312977;bw/volksschule-boehmisch-wiesen;false
40bff867-5d5a-4780-9234-5d2bdb1f7e37;1633711314236;bw/fischzucht;false
40bff867-5d5a-4780-9234-5d2bdb1f7e37;1633711317350;oth/postkarten;false
40bff867-5d5a-4780-9234-5d2bdb1f7e37;1633711325834;oth/karten;false
40bff867-5d5a-4780-9234-5d2bdb1f7e37;1633711328430;oth/genealogie;false
40bff867-5d5a-4780-9234-5d2bdb1f7e37;1633711335092;oth/kontakt;false
40bff867-5d5a-4780-9234-5d2bdb1f7e37;1633711346499;oth/home;false
40bff867-5d5a-4780-9234-5d2bdb1f7e37;1634390437578;oth/home;false
40bff867-5d5a-4780-9234-5d2bdb1f7e37;1634390440108;bw/geschichte-von-boehmisch-wiesen;false
40bff867-5d5a-4780-9234-5d2bdb1f7e37;1634390448265;mw/ort-maehrisch-wiesen;false
40bff867-5d5a-4780-9234-5d2bdb1f7e37;1634390453544;mw/geschichte-von-maehrisch-wiesen;false
40bff867-5d5a-4780-9234-5d2bdb1f7e37;1634390453698;mw/null;false
40bff867-5d5a-4780-9234-5d2bdb1f7e37;1634390471306;bw/ort-boehmisch-wiesen;false
40bff867-5d5a-4780-9234-5d2bdb1f7e37;1634390476526;bw/volkszaehlung;false
40bff867-5d5a-4780-9234-5d2bdb1f7e37;1634390489249;bw/volksschule-boehmisch-wiesen;false
40bff867-5d5a-4780-9234-5d2bdb1f7e37;1634390495712;bw/fischzucht;false
40bff867-5d5a-4780-9234-5d2bdb1f7e37;1635688065982;oth/home;false
40bff867-5d5a-4780-9234-5d2bdb1f7e37;1635688079965;oth/home;false
40bff867-5d5a-4780-9234-5d2bdb1f7e37;1635688103551;oth/home;false
40bff867-5d5a-4780-9234-5d2bdb1f7e37;1635688105901;mw/ort-maehrisch-wiesen;false
40bff867-5d5a-4780-9234-5d2bdb1f7e37;1635688173257;mw/geschichte-von-maehrisch-wiesen;false
40bff867-5d5a-4780-9234-5d2bdb1f7e37;1635688173393;mw/null;false
40bff867-5d5a-4780-9234-5d2bdb1f7e37;1635688184436;mw/volkszaehlung;false
40bff867-5d5a-4780-9234-5d2bdb1f7e37;1635688212899;bw/ort-boehmisch-wiesen;false
40bff867-5d5a-4780-9234-5d2bdb1f7e37;1635688222021;bw/geschichte-von-boehmisch-wiesen;false
40bff867-5d5a-4780-9234-5d2bdb1f7e37;1636041044422;oth/home;false
40bff867-5d5a-4780-9234-5d2bdb1f7e37;1636041120765;mw/geschichte-von-maehrisch-wiesen;false
40bff867-5d5a-4780-9234-5d2bdb1f7e37;1636041120949;mw/null;false
40bff867-5d5a-4780-9234-5d2bdb1f7e37;1636041264673;mw/geschichte-von-maehrisch-wiesen;false
40bff867-5d5a-4780-9234-5d2bdb1f7e37;1636041264782;mw/null;false
40bff867-5d5a-4780-9234-5d2bdb1f7e37;1636041300285;mw/geschichte-von-maehrisch-wiesen;false
40bff867-5d5a-4780-9234-5d2bdb1f7e37;1636041300379;mw/null;false
40bff867-5d5a-4780-9234-5d2bdb1f7e37;1636041322415;bw/geschichte-von-boehmisch-wiesen;false
40bff867-5d5a-4780-9234-5d2bdb1f7e37;1636041488585;bw/geschichte-von-boehmisch-wiesen;false
40bff867-5d5a-4780-9234-5d2bdb1f7e37;1636041509074;mw/geschichte-von-maehrisch-wiesen;false
40bff867-5d5a-4780-9234-5d2bdb1f7e37;1636041509157;mw/null;false
40bff867-5d5a-4780-9234-5d2bdb1f7e37;1636041513235;bw/geschichte-von-boehmisch-wiesen;false
40bff867-5d5a-4780-9234-5d2bdb1f7e37;1636041514160;bw/ort-boehmisch-wiesen;false
40bff867-5d5a-4780-9234-5d2bdb1f7e37;1636041517352;bw/geschichte-von-boehmisch-wiesen;false
40bff867-5d5a-4780-9234-5d2bdb1f7e37;1636041636647;bw/geschichte-von-boehmisch-wiesen;false
40bff867-5d5a-4780-9234-5d2bdb1f7e37;1636041666214;mw/geschichte-von-maehrisch-wiesen;false
40bff867-5d5a-4780-9234-5d2bdb1f7e37;1636041666279;mw/null;false
40bff867-5d5a-4780-9234-5d2bdb1f7e37;1636041771523;mw/geschichte-von-maehrisch-wiesen;false
40bff867-5d5a-4780-9234-5d2bdb1f7e37;1636041771613;mw/null;false
40bff867-5d5a-4780-9234-5d2bdb1f7e37;1636041946795;mw/geschichte-von-maehrisch-wiesen;false
40bff867-5d5a-4780-9234-5d2bdb1f7e37;1636041946883;mw/null;false
40bff867-5d5a-4780-9234-5d2bdb1f7e37;1636041996365;mw/geschichte-von-maehrisch-wiesen;false
40bff867-5d5a-4780-9234-5d2bdb1f7e37;1636041996474;mw/null;false
40bff867-5d5a-4780-9234-5d2bdb1f7e37;1636041997083;mw/geschichte-von-maehrisch-wiesen;false
40bff867-5d5a-4780-9234-5d2bdb1f7e37;1636041997155;mw/null;false
40bff867-5d5a-4780-9234-5d2bdb1f7e37;1636042001034;oth/home;false
40bff867-5d5a-4780-9234-5d2bdb1f7e37;1636042002733;mw/ort-maehrisch-wiesen;false
40bff867-5d5a-4780-9234-5d2bdb1f7e37;1636042009144;mw/volkszaehlung;false
40bff867-5d5a-4780-9234-5d2bdb1f7e37;1636042015951;bw/ort-boehmisch-wiesen;false
40bff867-5d5a-4780-9234-5d2bdb1f7e37;1636043088467;mw/ort-maehrisch-wiesen;false
40bff867-5d5a-4780-9234-5d2bdb1f7e37;1636043091267;bw/geschichte-von-boehmisch-wiesen;false
40bff867-5d5a-4780-9234-5d2bdb1f7e37;1636043095508;bw/volksschule-boehmisch-wiesen;false
40bff867-5d5a-4780-9234-5d2bdb1f7e37;1636043101606;bw/fischzucht;false
40bff867-5d5a-4780-9234-5d2bdb1f7e37;1636043105722;oth/postkarten;false
40bff867-5d5a-4780-9234-5d2bdb1f7e37;1636043112337;oth/karten;false
40bff867-5d5a-4780-9234-5d2bdb1f7e37;1636043118278;oth/genealogie;false
40bff867-5d5a-4780-9234-5d2bdb1f7e37;1636043120022;oth/kontakt;false
40bff867-5d5a-4780-9234-5d2bdb1f7e37;1636043121541;oth/genealogie;false
40bff867-5d5a-4780-9234-5d2bdb1f7e37;1636043124341;mw/geschichte-von-maehrisch-wiesen;false
40bff867-5d5a-4780-9234-5d2bdb1f7e37;1636043124417;mw/null;false
40bff867-5d5a-4780-9234-5d2bdb1f7e37;1636043132577;bw/geschichte-von-boehmisch-wiesen;false
40bff867-5d5a-4780-9234-5d2bdb1f7e37;1636043135771;mw/geschichte-von-maehrisch-wiesen;false
40bff867-5d5a-4780-9234-5d2bdb1f7e37;1636043135835;mw/null;false
40bff867-5d5a-4780-9234-5d2bdb1f7e37;1636043138698;bw/geschichte-von-boehmisch-wiesen;false
40bff867-5d5a-4780-9234-5d2bdb1f7e37;1636043141860;bw/ort-boehmisch-wiesen;false
40bff867-5d5a-4780-9234-5d2bdb1f7e37;1636043164018;bw/ort-boehmisch-wiesen;false
40bff867-5d5a-4780-9234-5d2bdb1f7e37;1636043275285;oth/home;false
40bff867-5d5a-4780-9234-5d2bdb1f7e37;1636044790757;bw/volksschule-boehmisch-wiesen;false
40bff867-5d5a-4780-9234-5d2bdb1f7e37;1636044805976;bw/volksschule-boehmisch-wiesen;false
40bff867-5d5a-4780-9234-5d2bdb1f7e37;1636045130263;bw/volksschule-boehmisch-wiesen;false
40bff867-5d5a-4780-9234-5d2bdb1f7e37;1636045162286;bw/volksschule-boehmisch-wiesen;false
40bff867-5d5a-4780-9234-5d2bdb1f7e37;1636045169190;bw/volksschule-boehmisch-wiesen;false
